{
 "pool34_stab_hist": {
  "2": 4098,
  "1": 28
 },
 "pool34_classes_B3": 404,
 "pool34_shell_freq": {
  "2": 90,
  "3": 100,
  "4": 1,
  "5": 129,
  "6": 279,
  "8": 10,
  "9": 745,
  "10": 350,
  "11": 489,
  "12": 186,
  "13": 396,
  "14": 1730,
  "16": 2,
  "17": 1184,
  "18": 725,
  "19": 730,
  "20": 247,
  "21": 1555,
  "22": 815,
  "24": 291,
  "25": 564,
  "26": 1833,
  "27": 458,
  "29": 2222,
  "30": 1723,
  "33": 1282,
  "34": 1112,
  "35": 1795,
  "36": 167,
  "37": 313,
  "38": 2036,
  "40": 134,
  "41": 1464,
  "42": 1513,
  "43": 593,
  "44": 314,
  "45": 1932,
  "46": 1491,
  "48": 6,
  "49": 1064,
  "50": 2182,
  "51": 1138,
  "52": 199,
  "53": 1471,
  "54": 1622,
  "56": 1473,
  "57": 1012,
  "59": 1231,
  "61": 2000,
  "62": 1921,
  "65": 2233,
  "66": 1112,
  "68": 1974,
  "70": 2584,
  "72": 534,
  "73": 883,
  "75": 330,
  "76": 1232,
  "77": 2424,
  "81": 2578,
  "86": 2125,
  "88": 3074,
  "97": 2349,
  "108": 409
 },
 "pool34_shells_never": [
  0,
  1,
  32
 ],
 "pool34_shells_always": [],
 "pool34_overlap36_hist": {
  "0": 3033,
  "2": 804,
  "3": 2,
  "4": 174,
  "5": 1,
  "6": 98,
  "26": 2,
  "28": 7,
  "30": 4,
  "36": 1
 },
 "pool34_pairwise_overlap": {
  "mean": 1.3536231884057972,
  "median": 0.0,
  "max": 34,
  "min": 0
 },
 "pool33_core_hist": {
  "30": 17,
  "32": 4956
 },
 "baseline_core_sizes": {
  "mean": 4.481598317560462,
  "max": 10,
  "n": 951
 }
}